question_normalized	answer	updated_at
—Å—Ç–æ–∏–º–æ—Å—Ç—å	–°—Ç–æ–∏–º–æ—Å—Ç—å —É—á–∞—Å—Ç–∏—è –≤ –û—Ä–ª—è—Ç–Ω–∏–∫–µ 21+ —Å–æ—Å—Ç–∞–≤–ª—è–µ—Ç 18 000 ‚ÇΩ –∑–∞ —Å–º–µ–Ω—É. –í —ç—Ç—É —Å—É–º–º—É –≤—Ö–æ–¥–∏—Ç –∫—É—á–∞ –≤—Å–µ–≥–æ: –ø—Ä–æ–∂–∏–≤–∞–Ω–∏–µ –≤ –∫–æ–º—Ñ–æ—Ä—Ç–Ω—ã—Ö 3-–º–µ—Å—Ç–Ω—ã—Ö –Ω–æ–º–µ—Ä–∞—Ö, 4-—Ä–∞–∑–æ–≤–æ–µ –ø–∏—Ç–∞–Ω–∏–µ –∏ –ø–µ—Ä–µ–∫—É—Å—ã, –±–µ–∑–ª–∏–º–∏—Ç–Ω—ã–µ –∫–∞–ª—å—è–Ω—ã, DJ-—Å–µ—Ç—ã, –º–∞—Å–∫–∞—Ä–∞–¥–Ω—ã–π –±–∞–ª, –∫–∞—Ç–∞–Ω–∏–µ –Ω–∞ —Å–∞–ø–∞—Ö –∏ –∫–≤–∞–¥—Ä–æ—Ü–∏–∫–ª–∞—Ö, —Ñ–µ—Å—Ç–∏–≤–∞–ª—å –∫—Ä–∞—Å–æ–∫ –•–æ–ª–∏, –Ω–æ—á–Ω–∞—è –º–∞—Ñ–∏—è 18+, –≤–µ–¥—É—â–∏–µ, —Ñ–æ—Ç–æ–≥—Ä–∞—Ñ –∏ –∞—Ç–º–æ—Å—Ñ–µ—Ä–∞ 21+ –±–µ–∑ –æ—Å—É–∂–¥–µ–Ω–∏—è. –ß—Ç–æ–±—ã –∑–∞–±—Ä–æ–Ω–∏—Ä–æ–≤–∞—Ç—å –º–µ—Å—Ç–æ, –Ω—É–∂–µ–Ω –∑–∞–¥–∞—Ç–æ–∫ 8000 ‚ÇΩ; –æ—Å—Ç–∞–ª—å–Ω–æ–µ ‚Äî –∑–∞ 5 –¥–Ω–µ–π –¥–æ —Å–º–µ–Ω—ã. –ï—Å–ª–∏ –µ—Å—Ç—å –µ—â—ë –≤–æ–ø—Ä–æ—Å—ã ‚Äî —Å–ø—Ä–∞—à–∏–≤–∞–π! üòäüí∞	2025-01-01T12:00:00.000Z
—Ü–µ–Ω–∞	–¶–µ–Ω–∞ —É—á–∞—Å—Ç–∏—è ‚Äî 18 000 ‚ÇΩ. –ó–∞–¥–∞—Ç–æ–∫ 8000 ‚ÇΩ –¥–ª—è –±—Ä–æ–Ω–∏, –æ—Å—Ç–∞—Ç–æ–∫ –∑–∞ 5 –¥–Ω–µ–π –¥–æ –Ω–∞—á–∞–ª–∞. –í—Å—ë –≤–∫–ª—é—á–µ–Ω–æ: –ø—Ä–æ–∂–∏–≤–∞–Ω–∏–µ, –ø–∏—Ç–∞–Ω–∏–µ, –∫–∞–ª—å—è–Ω—ã, –ø—Ä–æ–≥—Ä–∞–º–º–∞ –∏ –¥–≤–∏–∂—É—Ö–∞! üéâ –ï—Å—Ç—å –≤–æ–ø—Ä–æ—Å—ã –ø–æ —Å–º–µ–Ω–∞–º –∏–ª–∏ –≥–æ—Ç–æ–≤ –∑–∞–±—Ä–æ–Ω–∏—Ä–æ–≤–∞—Ç—å?	2025-01-01T12:00:00.000Z
—Ü–µ–Ω—ã	–ë–∞–∑–æ–≤–∞—è —Ü–µ–Ω–∞ ‚Äî 18 000 ‚ÇΩ. –ó–∞–¥–∞—Ç–æ–∫ 8000 ‚ÇΩ –≤–Ω–æ—Å–∏—à—å –¥–ª—è –±—Ä–æ–Ω–∏, –æ—Å—Ç–∞–≤—à—É—é—Å—è —Å—É–º–º—É ‚Äî –∑–∞ 5 –¥–Ω–µ–π –¥–æ —Å–º–µ–Ω—ã. –ï—Å–ª–∏ –ø–ª–∞–Ω—ã –ø–æ–º–µ–Ω—è—é—Ç—Å—è, –∑–∞–¥–∞—Ç–æ–∫ –º–æ–∂–Ω–æ –≤–µ—Ä–Ω—É—Ç—å, –Ω–æ –Ω–µ –±–ª–∏–∂–µ —á–µ–º –∑–∞ 5 –¥–Ω–µ–π –¥–æ –Ω–∞—á–∞–ª–∞. –ö–∞–∫—É—é —Å–º–µ–Ω—É —Å–º–æ—Ç—Ä–∏—à—å? üòä	2025-01-01T12:00:00.000Z
—á—Ç–æ –≤—Ö–æ–¥–∏—Ç	–í —Å—Ç–æ–∏–º–æ—Å—Ç—å –≤—Ö–æ–¥–∏—Ç: –ø—Ä–æ–∂–∏–≤–∞–Ω–∏–µ –≤ 3-–º–µ—Å—Ç–Ω—ã—Ö –Ω–æ–º–µ—Ä–∞—Ö, 4-—Ä–∞–∑–æ–≤–æ–µ –ø–∏—Ç–∞–Ω–∏–µ + –ø–µ—Ä–µ–∫—É—Å—ã, –±–µ–∑–ª–∏–º–∏—Ç–Ω—ã–µ –∫–∞–ª—å—è–Ω—ã, DJ-—Å–µ—Ç—ã, –º–∞—Å–∫–∞—Ä–∞–¥–Ω—ã–π –±–∞–ª, –∫–∞—Ç–∞–Ω–∏–µ –Ω–∞ —Å–∞–ø–∞—Ö/–∫–≤–∞–¥—Ä–æ—Ü–∏–∫–ª–∞—Ö/–ª–æ–¥–∫–∞—Ö, —Ñ–µ—Å—Ç–∏–≤–∞–ª—å –∫—Ä–∞—Å–æ–∫ –•–æ–ª–∏, –Ω–æ—á–Ω–∞—è –º–∞—Ñ–∏—è 18+, –≤–µ–¥—É—â–∏–µ –∏ –≤–æ–∂–∞—Ç—ã–µ, —Ñ–æ—Ç–æ–≥—Ä–∞—Ñ –∏ —Ä–∏–ª—Å–º–µ–π–∫–µ—Ä, —Å–ø–æ—Ä—Ç–∏–≤–Ω—ã–µ –∞–∫—Ç–∏–≤–Ω–æ—Å—Ç–∏ –∏ –∞—Ç–º–æ—Å—Ñ–µ—Ä–∞ 21+. –°–∫—É—á–∞—Ç—å –Ω–µ –ø—Ä–∏–¥—ë—Ç—Å—è! üåü –ï—Å–ª–∏ —á—Ç–æ-—Ç–æ –∫–æ–Ω–∫—Ä–µ—Ç–Ω–æ–µ –∏–Ω—Ç–µ—Ä–µ—Å—É–µ—Ç ‚Äî —Å–ø—Ä–∞—à–∏–≤–∞–π.	2025-01-01T12:00:00.000Z
–ø—Ä–æ–≥—Ä–∞–º–º–∞	–í –ø—Ä–æ–≥—Ä–∞–º–º–µ: –ø—Ä–æ–∂–∏–≤–∞–Ω–∏–µ, –ø–∏—Ç–∞–Ω–∏–µ, –∫–∞–ª—å—è–Ω—ã, DJ-—Å–µ—Ç—ã, –º–∞—Å–∫–∞—Ä–∞–¥–Ω—ã–π –±–∞–ª, —Å–∞–ø—ã –∏ –∫–≤–∞–¥—Ä–æ—Ü–∏–∫–ª—ã, —Ñ–µ—Å—Ç–∏–≤–∞–ª—å –∫—Ä–∞—Å–æ–∫ –•–æ–ª–∏, –Ω–æ—á–Ω–∞—è –º–∞—Ñ–∏—è 18+, –≤–µ–¥—É—â–∏–µ, —Ñ–æ—Ç–æ–≥—Ä–∞—Ñ, —Å–ø–æ—Ä—Ç–∏–≤–Ω—ã–µ –∞–∫—Ç–∏–≤–Ω–æ—Å—Ç–∏ –∏ –∞—Ç–º–æ—Å—Ñ–µ—Ä–∞ 21+. –ó–∞–µ–∑–¥ 16‚Äì17:00, –≤—ã–µ–∑–¥ 15:00. –•–æ—á–µ—à—å –ø–æ–¥—Ä–æ–±–Ω–µ–µ –ø—Ä–æ —á—Ç–æ-—Ç–æ –∏–ª–∏ –ø—Ä–æ —Ä–∞—Å–ø–∏—Å–∞–Ω–∏–µ –¥–Ω—è? üòä	2025-01-01T12:00:00.000Z
–∫–∞–∫ –∑–∞–ø–∏—Å–∞—Ç—å—Å—è	–ó–∞–ø–∏—Å–∞—Ç—å—Å—è –ø—Ä–æ—Å—Ç–æ! üìù –ù–∞–ø–∏—à–∏ ¬´–•–æ—á—É –∑–∞–±—Ä–æ–Ω–∏—Ä–æ–≤–∞—Ç—å¬ª –∏–ª–∏ –Ω–∞–∂–º–∏ –∫–Ω–æ–ø–∫—É ¬´–ó–∞–±—Ä–æ–Ω–∏—Ä–æ–≤–∞—Ç—å –º–µ—Å—Ç–æ¬ª ‚Äî —è –ø—Ä–∏—à–ª—é –≤–æ–ø—Ä–æ—Å—ã –∞–Ω–∫–µ—Ç—ã: –§–ò–û, –≥–æ—Ä–æ–¥, –¥–∞—Ç–∞ —Ä–æ–∂–¥–µ–Ω–∏—è, —Å –∫–µ–º –µ–¥–µ—à—å, —Ç–µ–ª–µ—Ñ–æ–Ω, –∞–ª–ª–µ—Ä–≥–∏–∏/–æ—Å–æ–±–µ–Ω–Ω–æ—Å—Ç–∏ –∏ —Å–º–µ–Ω–∞. –ó–∞–ø–æ–ª–Ω–∏—à—å ‚Äî –¥–∞–º —Ä–µ–∫–≤–∏–∑–∏—Ç—ã –¥–ª—è –∑–∞–¥–∞—Ç–∫–∞ 8000 ‚ÇΩ. –ü–æ—Å–ª–µ –æ–ø–ª–∞—Ç—ã –Ω–∞–ø–∏—à–µ—à—å ¬´—è –ø–µ—Ä–µ–≤—ë–ª(–∞)¬ª ‚Äî –∏ —Ç—ã –≤ —Å–ø–∏—Å–∫–µ! üèï‚ú®	2025-01-01T12:00:00.000Z
–∫–∞–∫ –∑–∞–±—Ä–æ–Ω–∏—Ä–æ–≤–∞—Ç—å	–ß—Ç–æ–±—ã –∑–∞–±—Ä–æ–Ω–∏—Ä–æ–≤–∞—Ç—å, –Ω–∞–ø–∏—à–∏ ¬´–•–æ—á—É –∑–∞–±—Ä–æ–Ω–∏—Ä–æ–≤–∞—Ç—å¬ª –∏–ª–∏ –Ω–∞–∂–º–∏ ¬´–ó–∞–±—Ä–æ–Ω–∏—Ä–æ–≤–∞—Ç—å –º–µ—Å—Ç–æ¬ª. –î–∞–ª—å—à–µ –∑–∞–ø–æ–ª–Ω–∏–º –∞–Ω–∫–µ—Ç—É (–§–ò–û, –≥–æ—Ä–æ–¥, –¥–∞—Ç–∞ —Ä–æ–∂–¥–µ–Ω–∏—è, —Å –∫–µ–º –µ–¥–µ—à—å, —Ç–µ–ª–µ—Ñ–æ–Ω, –æ—Å–æ–±–µ–Ω–Ω–æ—Å—Ç–∏, —Å–º–µ–Ω–∞), –ø–æ—Ç–æ–º –≤–Ω–µ—Å—ë—à—å –∑–∞–¥–∞—Ç–æ–∫ 8000 ‚ÇΩ. –ö–∞–∫ –ø–µ—Ä–µ–≤–µ–¥—ë—à—å ‚Äî –Ω–∞–ø–∏—à–∏ ¬´—è –ø–µ—Ä–µ–≤—ë–ª(–∞)¬ª. –í—Å—ë! üéâ	2025-01-01T12:00:00.000Z
–æ–ø–ª–∞—Ç–∞	–û–ø–ª–∞—Ç–∞ –≤ –¥–≤–∞ —ç—Ç–∞–ø–∞: —Å–Ω–∞—á–∞–ª–∞ –∑–∞–¥–∞—Ç–æ–∫ 8000 ‚ÇΩ –Ω–∞ –°–±–µ—Ä (—Ä–µ–∫–≤–∏–∑–∏—Ç—ã –¥–∞–º –ø–æ—Å–ª–µ –∞–Ω–∫–µ—Ç—ã), –æ—Å—Ç–∞—Ç–æ–∫ ‚Äî –∑–∞ 5 –¥–Ω–µ–π –¥–æ —Å–º–µ–Ω—ã. –ó–∞–¥–∞—Ç–æ–∫ –º–æ–∂–Ω–æ –≤–µ—Ä–Ω—É—Ç—å, –µ—Å–ª–∏ –ø–µ—Ä–µ–¥—É–º–∞–µ—à—å, –Ω–æ –Ω–µ –±–ª–∏–∂–µ —á–µ–º –∑–∞ 5 –¥–Ω–µ–π –¥–æ –Ω–∞—á–∞–ª–∞. –ï—Å–ª–∏ —á—Ç–æ –Ω–µ—è—Å–Ω–æ ‚Äî —Å–ø—Ä–∞—à–∏–≤–∞–π! üí∏	2025-01-01T12:00:00.000Z
–∑–∞–¥–∞—Ç–æ–∫	–ó–∞–¥–∞—Ç–æ–∫ 8000 ‚ÇΩ –Ω—É–∂–µ–Ω, —á—Ç–æ–±—ã –∑–∞–∫—Ä–µ–ø–∏—Ç—å –º–µ—Å—Ç–æ. –†–µ–∫–≤–∏–∑–∏—Ç—ã –¥–∞–º –ø–æ—Å–ª–µ –∑–∞–ø–æ–ª–Ω–µ–Ω–∏—è –∞–Ω–∫–µ—Ç—ã. –û—Å—Ç–∞–ª—å–Ω—É—é —Å—É–º–º—É —Å–æ–±–∏—Ä–∞–µ–º –∑–∞ 5 –¥–Ω–µ–π –¥–æ —Å–º–µ–Ω—ã. –í–µ—Ä–Ω—É—Ç—å –∑–∞–¥–∞—Ç–æ–∫ –º–æ–∂–Ω–æ, –Ω–æ –Ω–µ –ø–æ–∑–¥–Ω–µ–µ —á–µ–º –∑–∞ 5 –¥–Ω–µ–π –¥–æ –Ω–∞—á–∞–ª–∞. üòä	2025-01-01T12:00:00.000Z
—á—Ç–æ –≤–∑—è—Ç—å —Å —Å–æ–±–æ–π	–í–æ—Ç —á—Ç–æ —Å—Ç–æ–∏—Ç –≤–∑—è—Ç—å: —É–¥–æ–±–Ω—É—é –æ–¥–µ–∂–¥—É –∏ –æ–±—É–≤—å, –∫—É–ø–∞–ª—å–Ω–∏–∫/–ø–ª–∞–≤–∫–∏, —Å—Ä–µ–¥—Å—Ç–≤–∞ –≥–∏–≥–∏–µ–Ω—ã, –ø–æ–ª–æ—Ç–µ–Ω—Ü–µ, –¥–æ–∫—É–º–µ–Ω—Ç—ã, —Å–æ–ª–Ω—Ü–µ–∑–∞—â–∏—Ç–Ω—ã–π –∫—Ä–µ–º, –∑–∞—Ä—è–¥–∫—É –¥–ª—è —Ç–µ–ª–µ—Ñ–æ–Ω–∞. –ü–æ—Å—Ç–µ–ª—å–Ω–æ–µ –±–µ–ª—å—ë —É –Ω–∞—Å –µ—Å—Ç—å. –ì–ª–∞–≤–Ω–æ–µ ‚Äî —Ö–æ—Ä–æ—à–µ–µ –Ω–∞—Å—Ç—Ä–æ–µ–Ω–∏–µ! üéí‚ú® –ï—â—ë –≤–æ–ø—Ä–æ—Å—ã?	2025-01-01T12:00:00.000Z
—á—Ç–æ –±—Ä–∞—Ç—å	–£–¥–æ–±–Ω–∞—è –æ–¥–µ–∂–¥–∞, –æ–±—É–≤—å, –∫—É–ø–∞–ª—å–Ω–∏–∫, –≥–∏–≥–∏–µ–Ω–∞, –ø–æ–ª–æ—Ç–µ–Ω—Ü–µ, –¥–æ–∫—É–º–µ–Ω—Ç—ã, –∫—Ä–µ–º –æ—Ç —Å–æ–ª–Ω—Ü–∞. –ü–æ—Å—Ç–µ–ª—å–Ω–æ–µ –≤—ã–¥–∞—ë–º. –°–∞–º–æ–µ –≤–∞–∂–Ω–æ–µ ‚Äî –Ω–∞—Å—Ç—Ä–æ–µ–Ω–∏–µ! üòä –ï—Å—Ç—å —á—Ç–æ-—Ç–æ –æ—Å–æ–±–µ–Ω–Ω–æ–µ ‚Äî —Å–ø—Ä–æ—Å–∏.	2025-01-01T12:00:00.000Z
–∞–ª–∫–æ–≥–æ–ª—å	–ê–ª–∫–æ–≥–æ–ª—å –º—ã –Ω–µ –ø—Ä–µ–¥–æ—Å—Ç–∞–≤–ª—è–µ–º, –Ω–æ –ø—Ä–∏–≤–µ–∑—Ç–∏ —Å–≤–æ—ë –º–æ–∂–Ω–æ! üçπ –ù–∞ –±–∞–∑–µ –±—É–¥–µ—Ç –≥–ª–∏–Ω—Ç–≤–µ–π–Ω –∏ –Ω–µ–º–Ω–æ–≥–æ –∫–æ–∫—Ç–µ–π–ª–µ–π, –æ—Å—Ç–∞–ª—å–Ω–æ–µ ‚Äî –Ω–∞ —Ç–≤–æ—ë —É—Å–º–æ—Ç—Ä–µ–Ω–∏–µ. –ì–ª–∞–≤–Ω–æ–µ ‚Äî –≤ –º–µ—Ä—É –∏ —Å —É–≤–∞–∂–µ–Ω–∏–µ–º –∫ –¥—Ä—É–≥–∏–º. –ï—Å–ª–∏ –µ—â—ë –≤–æ–ø—Ä–æ—Å—ã ‚Äî –ø–∏—à–∏! üòä	2025-01-01T12:00:00.000Z
–ø–∏–≤–æ	–ü–∏–≤–æ –∏ –¥—Ä—É–≥–æ–π –∞–ª–∫–æ–≥–æ–ª—å —Å —Å–æ–±–æ–π –ø—Ä–∏–≤–æ–∑–∏—Ç—å –º–æ–∂–Ω–æ. –ù–∞ –±–∞–∑–µ –º–∞–≥–∞–∑–∏–Ω–∞ –Ω–µ—Ç ‚Äî –ª—É—á—à–µ –ø—Ä–∏–≤–µ–∑—Ç–∏ —Å–≤–æ—ë. –í –º–µ—Ä—É –∏ –≤ –∫–∞–π—Ñ! üçª –ï—Å—Ç—å –≤–æ–ø—Ä–æ—Å—ã?	2025-01-01T12:00:00.000Z
–∫–∞–∫ –¥–æ–±—Ä–∞—Ç—å—Å—è	–õ–∞–≥–µ—Ä—å –Ω–∞ –±–∞–∑–µ –≤ –ß—É–≤–∞—à–∏–∏, –æ–∫–æ–ª–æ —á–∞—Å–∞ –æ—Ç –ß–µ–±–æ–∫—Å–∞—Ä. –ï—Å—Ç—å —Ç—Ä–∞–Ω—Å—Ñ–µ—Ä –∏–∑ –ß–µ–±–æ–∫—Å–∞—Ä –¥–æ –±–∞–∑—ã –∏ –æ—Ö—Ä–∞–Ω—è–µ–º–∞—è –ø–∞—Ä–∫–æ–≤–∫–∞. –ó–∞–µ–∑–¥ 16‚Äì17:00, –≤—ã–µ–∑–¥ 15:00. –¢–æ—á–Ω—ã–π –∞–¥—Ä–µ—Å –∏ –¥–µ—Ç–∞–ª–∏ ‚Äî –≤ —á–∞—Ç–µ —É—á–∞—Å—Ç–Ω–∏–∫–æ–≤ –ø–æ—Å–ª–µ —Ä–µ–≥–∏—Å—Ç—Ä–∞—Ü–∏–∏. üöó‚ú®	2025-01-01T12:00:00.000Z
–≥–¥–µ –ø—Ä–æ—Ö–æ–¥–∏—Ç	–ë–∞–∑–∞ –≤ –ß—É–≤–∞—à–∏–∏, –ø—Ä–∏–º–µ—Ä–Ω–æ –≤ —á–∞—Å–µ –æ—Ç –ß–µ–±–æ–∫—Å–∞—Ä. –¢–æ—á–Ω–æ–µ –º–µ—Å—Ç–æ –¥–∞—ë–º —É–∂–µ —É—á–∞—Å—Ç–Ω–∏–∫–∞–º –≤ —á–∞—Ç–µ. –ó–∞–µ–∑–¥ 16‚Äì17:00, –≤—ã–µ–∑–¥ 15:00. –ï—Å—Ç—å —Ç—Ä–∞–Ω—Å—Ñ–µ—Ä –∏ –ø–∞—Ä–∫–æ–≤–∫–∞. –ï—â—ë —á—Ç–æ-—Ç–æ? üèï	2025-01-01T12:00:00.000Z
—Å–∫–æ–ª—å–∫–æ –¥–ª–∏—Ç—Å—è —Å–º–µ–Ω–∞	–°–º–µ–Ω–∞ –¥–ª–∏—Ç—Å—è 3 –¥–Ω—è –∏ 2 –Ω–æ—á–∏. –ó–∞–µ–∑–¥ 16‚Äì17:00, –≤—ã–µ–∑–¥ –≤ 15:00. –ö–∞–∫ —Ä–∞–∑ –≤—Ä–µ–º—è –æ—Ç–¥–æ—Ö–Ω—É—Ç—å –∏ –∑–∞–≤–µ—Å—Ç–∏ –Ω–æ–≤—ã—Ö –¥—Ä—É–∑–µ–π! üåû –£ –Ω–∞—Å –µ—Å—Ç—å —Å–º–µ–Ω—ã –ø–æ –¥–∞—Ç–∞–º –∏–∑ —Ä–∞—Å–ø–∏—Å–∞–Ω–∏—è ‚Äî –∫–∞–∫—É—é —Å–º–æ—Ç—Ä–∏—à—å?	2025-01-01T12:00:00.000Z
–¥–∞—Ç—ã	–î–∞—Ç—ã —Å–º–µ–Ω —Å–º–æ—Ç—Ä–∏ –≤ –∫–Ω–æ–ø–∫–∞—Ö –∏ –≤ —Å–æ–æ–±—â–µ–Ω–∏—è—Ö –±–æ—Ç–∞ ‚Äî –æ–Ω–∏ –∞–∫—Ç—É–∞–ª—å–Ω—ã–µ. –ö–∞–∂–¥–∞—è —Å–º–µ–Ω–∞ 3 –¥–Ω—è. –ó–∞–µ–∑–¥ 16‚Äì17:00, –≤—ã–µ–∑–¥ 15:00. –ö–∞–∫—É—é —Å–º–µ–Ω—É —Ö–æ—á–µ—à—å? üóì	2025-01-01T12:00:00.000Z
—Å–º–µ–Ω—ã	–°–º–µ–Ω—ã –∏ –¥–∞—Ç—ã –º—ã –ø—É–±–ª–∏–∫—É–µ–º –≤ –±–æ—Ç–µ ‚Äî —Ç–∞–º –∞–∫—Ç—É–∞–ª—å–Ω–æ–µ —Ä–∞—Å–ø–∏—Å–∞–Ω–∏–µ. –ö–∞–∂–¥–∞—è —Å–º–µ–Ω–∞ 3 –¥–Ω—è. –í—ã–±–µ—Ä–∏ —É–¥–æ–±–Ω—É—é –∏ –Ω–∞–ø–∏—à–∏ ¬´–•–æ—á—É –∑–∞–±—Ä–æ–Ω–∏—Ä–æ–≤–∞—Ç—å¬ª, –µ—Å–ª–∏ –≥–æ—Ç–æ–≤! üéâ	2025-01-01T12:00:00.000Z
–º–µ—Å—Ç–∞ –µ—Å—Ç—å	–ú–µ—Å—Ç–∞ –ø–æ–∫–∞ –µ—Å—Ç—å, –Ω–æ –ª—É—á—à–µ –Ω–µ —Ç—è–Ω—É—Ç—å —Å –±—Ä–æ–Ω—å—é ‚Äî –∑–∞–¥–∞—Ç–æ–∫ 8000 ‚ÇΩ —Ñ–∏–∫—Å–∏—Ä—É–µ—Ç –º–µ—Å—Ç–æ. –ù–∞–ø–∏—à–∏ ¬´–•–æ—á—É –∑–∞–±—Ä–æ–Ω–∏—Ä–æ–≤–∞—Ç—å¬ª, –∑–∞–ø–æ–ª–Ω–∏–º –∞–Ω–∫–µ—Ç—É –∏ –∑–∞–∫—Ä–µ–ø–∏–º –∑–∞ —Ç–æ–±–æ–π! üèï	2025-01-01T12:00:00.000Z
—Å–∫–æ–ª—å–∫–æ –º–µ—Å—Ç	–¢–æ—á–Ω–æ–µ —á–∏—Å–ª–æ –º–µ—Å—Ç –ø–æ —Å–º–µ–Ω–∞–º –Ω–µ –ø–æ–¥—Å–∫–∞–∂—É, –Ω–æ –ø–æ–∫–∞ –º–æ–∂–Ω–æ –∑–∞–±—Ä–æ–Ω–∏—Ä–æ–≤–∞—Ç—å. –ß—Ç–æ–±—ã –≥–∞—Ä–∞–Ω—Ç–∏—Ä–æ–≤–∞—Ç—å –º–µ—Å—Ç–æ ‚Äî –≤–Ω–æ—Å–∏ –∑–∞–¥–∞—Ç–æ–∫ 8000 ‚ÇΩ –ø–æ—Å–ª–µ –∞–Ω–∫–µ—Ç—ã. –ù–∞–ø–∏—à–∏ ¬´–•–æ—á—É –∑–∞–±—Ä–æ–Ω–∏—Ä–æ–≤–∞—Ç—å¬ª, –∏ –æ—Ñ–æ—Ä–º–∏–º! üòä	2025-01-01T12:00:00.000Z
–∫–æ–º–Ω–∞—Ç–∞	–†–∞–∑–º–µ—â–µ–Ω–∏–µ –≤ –∫–æ–º—Ñ–æ—Ä—Ç–Ω—ã—Ö 3-–º–µ—Å—Ç–Ω—ã—Ö –Ω–æ–º–µ—Ä–∞—Ö. –ï—Å–ª–∏ –µ–¥–µ—à—å —Å –¥—Ä—É–∑—å—è–º–∏ ‚Äî —É–∫–∞–∂–∏ –≤ –∞–Ω–∫–µ—Ç–µ, –ø–æ—Å—Ç–∞—Ä–∞–µ–º—Å—è –ø–æ—Å–µ–ª–∏—Ç—å –≤–º–µ—Å—Ç–µ. –ü–æ—Å—Ç–µ–ª—å–Ω–æ–µ –±–µ–ª—å—ë –ø—Ä–µ–¥–æ—Å—Ç–∞–≤–ª—è–µ–º. –ï—Å—Ç—å –≤–æ–ø—Ä–æ—Å—ã –ø–æ —Ä–∞–∑–º–µ—â–µ–Ω–∏—é? üõèÔ∏è	2025-01-01T12:00:00.000Z
—Ä–∞–∑–º–µ—â–µ–Ω–∏–µ	–£ –Ω–∞—Å 3-–º–µ—Å—Ç–Ω—ã–µ –Ω–æ–º–µ—Ä–∞. –° –¥—Ä—É–∑—å—è–º–∏ –º–æ–∂–Ω–æ –≤ –æ–¥–Ω—É –∫–æ–º–Ω–∞—Ç—É ‚Äî –Ω–∞–ø–∏—à–∏ –≤ –∞–Ω–∫–µ—Ç–µ. –ú–∞–ª—å—á–∏–∫–∏ –∏ –¥–µ–≤–æ—á–∫–∏ –º–æ–≥—É—Ç –±—ã—Ç—å –≤ –æ–¥–Ω–æ–º –Ω–æ–º–µ—Ä–µ ‚Äî –∫–∞–∫ –∫–æ–º—Ñ–æ—Ä—Ç–Ω–µ–µ. –ü–æ—Å—Ç–µ–ª—å–Ω–æ–µ –≤—ã–¥–∞—ë–º. üòä	2025-01-01T12:00:00.000Z
–ø–æ—Å—Ç–µ–ª—å–Ω–æ–µ –±–µ–ª—å–µ	–î–∞, –ø–æ—Å—Ç–µ–ª—å–Ω–æ–µ –±–µ–ª—å—ë –ø—Ä–µ–¥–æ—Å—Ç–∞–≤–ª—è–µ–º! üõèÔ∏è –¢–∞—â–∏—Ç—å —Å —Å–æ–±–æ–π –Ω–µ –Ω—É–∂–Ω–æ ‚Äî –±–µ—Ä–∏ –ª–∏—á–Ω—ã–µ –≤–µ—â–∏ –∏ –Ω–∞—Å—Ç—Ä–æ–µ–Ω–∏–µ. –ï—â—ë –≤–æ–ø—Ä–æ—Å—ã?	2025-01-01T12:00:00.000Z
–ø–∏—Ç–∞–Ω–∏–µ	4-—Ä–∞–∑–æ–≤–æ–µ –ø–∏—Ç–∞–Ω–∏–µ –ø–ª—é—Å –ø–µ—Ä–µ–∫—É—Å—ã. –ì–æ–ª–æ–¥–Ω—ã–º –Ω–µ –æ—Å—Ç–∞–Ω–µ—à—å—Å—è! üçΩÔ∏è –ï—Å–ª–∏ –µ—Å—Ç—å –∞–ª–ª–µ—Ä–≥–∏–∏ –∏–ª–∏ –æ—Å–æ–±–µ–Ω–Ω–æ—Å—Ç–∏ ‚Äî —É–∫–∞–∂–∏ –≤ –∞–Ω–∫–µ—Ç–µ, —É—á—Ç—ë–º. –ß—Ç–æ-—Ç–æ –µ—â—ë?	2025-01-01T12:00:00.000Z
–ø—Ä–∞–≤–∏–ª–∞	–£ –Ω–∞—Å –ª–∞–≥–µ—Ä—å 21+: –∞—Ç–º–æ—Å—Ñ–µ—Ä–∞ –±–µ–∑ –æ—Å—É–∂–¥–µ–Ω–∏—è, —É–≤–∞–∂–µ–Ω–∏–µ –¥—Ä—É–≥ –∫ –¥—Ä—É–≥—É, —É—á–∞—Å—Ç–∏–µ –≤ —Ç–æ–º, —á—Ç–æ –Ω—Ä–∞–≤–∏—Ç—Å—è. –ó–∞–ø—Ä–µ—â—ë–Ω–Ω—ã–µ –≤–µ—â–µ—Å—Ç–≤–∞ ‚Äî —Ç–∞–±—É. –ë–µ–∑–æ–ø–∞—Å–Ω–æ—Å—Ç—å –∏ –∫–æ–º—Ñ–æ—Ä—Ç –¥–ª—è –≤—Å–µ—Ö. –ö–æ–Ω–∫—Ä–µ—Ç–Ω—ã–µ –≤–æ–ø—Ä–æ—Å—ã –ø–æ –ø—Ä–∞–≤–∏–ª–∞–º? üòä	2025-01-01T12:00:00.000Z
–±–µ–∑–æ–ø–∞—Å–Ω–æ—Å—Ç—å	–ë–µ–∑–æ–ø–∞—Å–Ω–æ—Å—Ç—å –≤ –ø—Ä–∏–æ—Ä–∏—Ç–µ—Ç–µ: –ø–æ—Ä—è–¥–æ–∫ –Ω–∞ –±–∞–∑–µ, –≤–æ–∂–∞—Ç—ã–µ –∏ –≤–µ–¥—É—â–∏–µ —Ä—è–¥–æ–º. –õ–æ–∫–∞—Ü–∏—è –≤–¥–∞–ª–∏ –æ—Ç –≥–æ—Ä–æ–¥–∞. –ï—Å–ª–∏ –µ—Å—Ç—å –∞–ª–ª–µ—Ä–≥–∏–∏ –∏–ª–∏ –æ—Å–æ–±–µ–Ω–Ω–æ—Å—Ç–∏ ‚Äî –Ω–∞–ø–∏—à–∏ –≤ –∞–Ω–∫–µ—Ç–µ. –ï—â—ë —á—Ç–æ –≤–æ–ª–Ω—É–µ—Ç? üîí	2025-01-01T12:00:00.000Z
—Å–∫–∏–¥–∫–∞	–°–∫–∏–¥–æ–∫ –∑–∞ –∫–æ–ª–∏—á–µ—Å—Ç–≤–æ —á–µ–ª–æ–≤–µ–∫ –≤ —Ç–µ–∫—É—â–µ–º —Å–µ–∑–æ–Ω–µ –Ω–µ—Ç, –Ω–æ 18 000 ‚ÇΩ ‚Äî —ç—Ç–æ –ø—Ä–æ–∂–∏–≤–∞–Ω–∏–µ, –ø–∏—Ç–∞–Ω–∏–µ, –≤—Å—è –ø—Ä–æ–≥—Ä–∞–º–º–∞ –∏ –∞—Ç–º–æ—Å—Ñ–µ—Ä–∞. –ï—Å–ª–∏ —Å–æ–º–Ω–µ–≤–∞–µ—à—å—Å—è ‚Äî –º–æ–≥—É —Å–∫–∏–Ω—É—Ç—å —Å—Å—ã–ª–∫—É –Ω–∞ —Ñ–æ—Ç–æ/–≤–∏–¥–µ–æ —Å –ø—Ä–æ—à–ª—ã—Ö —Å–º–µ–Ω. üòä	2025-01-01T12:00:00.000Z
—Ä–∞—Å–ø–∏—Å–∞–Ω–∏–µ	–ó–∞–µ–∑–¥ 16‚Äì17:00, –ø–µ—Ä–≤—ã–π –¥–µ–Ω—å ‚Äî —É–∂–∏–Ω, –∑–Ω–∞–∫–æ–º—Å—Ç–≤–æ, –≤–µ—á–µ—Ä–Ω—è—è –ø—Ä–æ–≥—Ä–∞–º–º–∞ –∏ –º–∞—Ñ–∏—è. –í—Ç–æ—Ä–æ–π –¥–µ–Ω—å ‚Äî –∑–∞–≤—Ç—Ä–∞–∫, –∞–∫—Ç–∏–≤–Ω–æ—Å—Ç–∏, —Å–∞–ø—ã/–∫–≤–∞–¥—Ä—ã, –•–æ–ª–∏, —É–∂–∏–Ω, –º–∞—Å–∫–∞—Ä–∞–¥–Ω—ã–π –±–∞–ª. –¢—Ä–µ—Ç–∏–π ‚Äî –∑–∞–≤—Ç—Ä–∞–∫, –∞–∫—Ç–∏–≤–Ω–æ—Å—Ç–∏, –æ–±–µ–¥, –≤—ã–µ–∑–¥ 15:00. –î–µ—Ç–∞–ª–∏ –≤ —á–∞—Ç–µ —Å–º–µ–Ω—ã! üìÖ	2025-01-01T12:00:00.000Z
–º–∞—Å–∫–∞—Ä–∞–¥–Ω—ã–π –±–∞–ª	–ù–∞ –º–∞—Å–∫–∞—Ä–∞–¥–Ω—ã–π –±–∞–ª –±–µ—Ä–∏ –º–∞—Å–∫—É, –∫–æ—Å—Ç—é–º –∏–ª–∏ –ø–ª–∞—Ç—å–µ ‚Äî –∫–∞–∫ –¥—É—à–∞ –ø–æ–∂–µ–ª–∞–µ—Ç! –ú–æ–∂–Ω–æ –¥–æ–±–∞–≤–∏—Ç—å –∞–∫—Å–µ—Å—Å—É–∞—Ä—ã. –ì–ª–∞–≤–Ω–æ–µ ‚Äî –Ω–∞—Å—Ç—Ä–æ–µ–Ω–∏–µ –∏ –≥–æ—Ç–æ–≤–Ω–æ—Å—Ç—å –≤–µ—Å–µ–ª–∏—Ç—å—Å—è. üì∏üé≠ –ï—â—ë –≤–æ–ø—Ä–æ—Å—ã?	2025-01-01T12:00:00.000Z
–∫–æ–Ω–∫—É—Ä—Å—ã	–í –ø—Ä–æ–≥—Ä–∞–º–º–µ –º–∞—Å–∫–∞—Ä–∞–¥–Ω—ã–π –±–∞–ª, —Ñ–µ—Å—Ç–∏–≤–∞–ª—å –∫—Ä–∞—Å–æ–∫ –•–æ–ª–∏, –Ω–æ—á–Ω–∞—è –º–∞—Ñ–∏—è 18+, —Å–ø–æ—Ä—Ç–∏–≤–Ω—ã–µ –∏–≥—Ä—ã –∏ –∞–∫—Ç–∏–≤–Ω–æ—Å—Ç–∏ –æ—Ç –≤–µ–¥—É—â–∏—Ö. –ë—É–¥–µ—Ç –≥–¥–µ –∏ –ø–æ—É—á–∞—Å—Ç–≤–æ–≤–∞—Ç—å, –∏ –ø–æ–∑–Ω–∞–∫–æ–º–∏—Ç—å—Å—è! üéâ –•–æ—á–µ—à—å –ø–æ–¥—Ä–æ–±–Ω–µ–µ –ø—Ä–æ —á—Ç–æ-—Ç–æ?	2025-01-01T12:00:00.000Z
–∫–∞–∫–∞—è –∫–æ–º–ø–∞–Ω–∏—è	–£ –Ω–∞—Å 21+: –æ—Ç–∫—Ä—ã—Ç—ã–µ, –ø–æ–∑–∏—Ç–∏–≤–Ω—ã–µ –ª—é–¥–∏, –∫–æ—Ç–æ—Ä—ã–µ —Ö–æ—Ç—è—Ç –æ—Ç–¥–æ—Ö–Ω—É—Ç—å –∏ –ø–æ–∑–Ω–∞–∫–æ–º–∏—Ç—å—Å—è. –ë–æ–ª—å—à–µ –ø–æ–ª–æ–≤–∏–Ω—ã –ø—Ä–∏–µ–∑–∂–∞—é—Ç —Å–æ–ª–æ ‚Äî –∫ –∫–æ–Ω—Ü—É —Å–º–µ–Ω—ã —É–∂–µ —Å–≤–æ—è –∫–æ–º–ø–∞–Ω–∏—è. –ù–µ –ø–µ—Ä–µ–∂–∏–≤–∞–π! üíñ	2025-01-01T12:00:00.000Z
–∑–∞–ø—Ä–µ—â–µ–Ω–Ω—ã–µ –≤–µ—â–µ—Å—Ç–≤–∞	–£ –Ω–∞—Å —Å—Ç—Ä–æ–≥–æ: –∑–∞–ø—Ä–µ—â—ë–Ω–Ω—ã–µ –≤–µ—â–µ—Å—Ç–≤–∞ ‚Äî —Ç–∞–±—É. –ú—ã –∑–∞ –±–µ–∑–æ–ø–∞—Å–Ω–æ–µ –∏ –∑–¥–æ—Ä–æ–≤–æ–µ –ø—Ä–æ—Å—Ç—Ä–∞–Ω—Å—Ç–≤–æ –¥–ª—è –≤—Å–µ—Ö. –ï—Å–ª–∏ –µ—â—ë –≤–æ–ø—Ä–æ—Å—ã ‚Äî –ø–∏—à–∏. üö´	2025-01-01T12:00:00.000Z
–ø–µ—Ä–µ–∑–µ—Ä–≤–∞—Ç–∏–≤—ã	–ü—Ä–µ–∑–µ—Ä–≤–∞—Ç–∏–≤—ã –Ω–µ –≤—ã–¥–∞—ë–º, –Ω–æ –∞—Ç–º–æ—Å—Ñ–µ—Ä—É –æ–±—â–µ–Ω–∏—è –∏ –∑–Ω–∞–∫–æ–º—Å—Ç–≤ —Å–æ–∑–¥–∞—ë–º. –ï—Å–ª–∏ —á—Ç–æ-—Ç–æ –≤–∞–∂–Ω–æ –¥–ª—è —Ç–µ–±—è ‚Äî –¥–∞–π –∑–Ω–∞—Ç—å. üòâ	2025-01-01T12:00:00.000Z
—É–µ–¥–∏–Ω—è—Ç—å—Å—è	–ü—Ä–æ–≥—Ä–∞–º–º–∞ —Å–¥–µ–ª–∞–Ω–∞ –ø–æ–¥ –æ–±—â–µ–Ω–∏–µ –∏ –∞–∫—Ç–∏–≤–Ω–æ—Å—Ç—å, —É–µ–¥–∏–Ω–µ–Ω–∏–µ –Ω–µ –ø—Ä–µ–¥—É—Å–º–æ—Ç—Ä–µ–Ω–æ. –ú–æ–∂–Ω–æ —Å–ø–æ–∫–æ–π–Ω–æ –æ–±—â–∞—Ç—å—Å—è –∏ –∑–Ω–∞–∫–æ–º–∏—Ç—å—Å—è –≤ –∞—Ç–º–æ—Å—Ñ–µ—Ä–µ 21+. –ï—Å—Ç—å –µ—â—ë –≤–æ–ø—Ä–æ—Å—ã? üòä	2025-01-01T12:00:00.000Z
–±–æ—Ä—â	–ü–∏—Ç–∞–Ω–∏–µ 4-—Ä–∞–∑–æ–≤–æ–µ —Å –ø–µ—Ä–µ–∫—É—Å–∞–º–∏ ‚Äî –∏ –±–æ—Ä—â, –∏ –¥—Ä—É–≥–∏–µ –±–ª—é–¥–∞ –±—É–¥—É—Ç. –ï—Å–ª–∏ –∞–ª–ª–µ—Ä–≥–∏–∏ –∏–ª–∏ –ø—Ä–µ–¥–ø–æ—á—Ç–µ–Ω–∏—è ‚Äî —É–∫–∞–∂–∏ –≤ –∞–Ω–∫–µ—Ç–µ. üç≤	2025-01-01T12:00:00.000Z
–≤–∫—É—Å–Ω–æ –∫–æ—Ä–º—è—Ç	–î–∞, –∫–æ—Ä–º—è—Ç –≤–∫—É—Å–Ω–æ! 4-—Ä–∞–∑–æ–≤–æ–µ –ø–∏—Ç–∞–Ω–∏–µ –∏ –ø–µ—Ä–µ–∫—É—Å—ã. –ï—Å–ª–∏ –µ—Å—Ç—å –ø–æ–∂–µ–ª–∞–Ω–∏—è –∏–ª–∏ –∞–ª–ª–µ—Ä–≥–∏–∏ ‚Äî –Ω–∞–ø–∏—à–∏ –≤ –∞–Ω–∫–µ—Ç–µ, —É—á—Ç—ë–º. üçΩÔ∏èüòä	2025-01-01T12:00:00.000Z
–¥—É—à	–î—É—à–µ–≤—ã–µ –∏ —Ç—É–∞–ª–µ—Ç—ã –µ—Å—Ç—å, –≤—Å—ë —á–∏—Å—Ç–æ. –ü–æ—Å–ª–µ –∞–∫—Ç–∏–≤–Ω–æ–≥–æ –¥–Ω—è –º–æ–∂–Ω–æ —Å–ø–æ–∫–æ–π–Ω–æ –æ—Å–≤–µ–∂–∏—Ç—å—Å—è. üöø –ï—â—ë —á—Ç–æ-—Ç–æ?	2025-01-01T12:00:00.000Z
–ø–∞—Ä–∫–æ–≤–∫–∞	–ù–∞ —Ç–µ—Ä—Ä–∏—Ç–æ—Ä–∏–∏ –µ—Å—Ç—å –æ—Ö—Ä–∞–Ω—è–µ–º–∞—è –ø–∞—Ä–∫–æ–≤–∫–∞. –ú–æ–∂–µ—à—å –ø—Ä–∏–µ—Ö–∞—Ç—å –Ω–∞ —Å–≤–æ–µ–π –º–∞—à–∏–Ω–µ –∏ –æ—Å—Ç–∞–≤–∏—Ç—å –µ—ë –Ω–∞ —Å—Ç–æ—è–Ω–∫–µ. üöó‚ú®	2025-01-01T12:00:00.000Z
—à–µ—Å—Ç–∞—è —Å–º–µ–Ω–∞	–®–µ—Å—Ç—É—é —Å–º–µ–Ω—É –ø–æ–∫–∞ –Ω–µ –ø–ª–∞–Ω–∏—Ä—É–µ–º. –ê–∫—Ç—É–∞–ª—å–Ω—ã–µ —Å–º–µ–Ω—ã ‚Äî –≤ –±–æ—Ç–µ. –ï—Å–ª–∏ —Ö–æ—á–µ—à—å –ø–æ–ø–∞—Å—Ç—å ‚Äî –ª—É—á—à–µ –∑–∞–±—Ä–æ–Ω–∏—Ä–æ–≤–∞—Ç—å –º–µ—Å—Ç–æ –Ω–∞ –æ–¥–Ω—É –∏–∑ —Ç–µ–∫—É—â–∏—Ö —Å–º–µ–Ω! üöÄ	2025-01-01T12:00:00.000Z
—Å–µ–Ω—Ç—è–±—Ä—å	–í —Å–µ–Ω—Ç—è–±—Ä–µ –∑–∞–µ–∑–¥–æ–≤ –Ω–µ –ø–ª–∞–Ω–∏—Ä—É–µ—Ç—Å—è. –ë–ª–∏–∂–∞–π—à–∏–µ —Å–º–µ–Ω—ã ‚Äî –ø–æ —Ä–∞—Å–ø–∏—Å–∞–Ω–∏—é –≤ –±–æ—Ç–µ. –£—Å–ø–µ–π –∑–∞–±—Ä–æ–Ω–∏—Ä–æ–≤–∞—Ç—å! üòä	2025-01-01T12:00:00.000Z
–≤–æ–∑—Ä–∞—Å—Ç	–õ–∞–≥–µ—Ä—å —Ç–æ–ª—å–∫–æ –¥–ª—è —É—á–∞—Å—Ç–Ω–∏–∫–æ–≤ –æ—Ç 21 –≥–æ–¥–∞. –ê—Ç–º–æ—Å—Ñ–µ—Ä–∞ 21+ ‚Äî –±–µ–∑ –æ—Å—É–∂–¥–µ–Ω–∏—è, –º–æ–∂–Ω–æ –±—ã—Ç—å —Å–æ–±–æ–π. –ï—Å—Ç—å –≤–æ–ø—Ä–æ—Å—ã? üòä	2025-01-01T12:00:00.000Z
—Å–∫–æ–ª—å–∫–æ —á–µ–ª–æ–≤–µ–∫	–û–±—ã—á–Ω–æ –∫–æ–º—Ñ–æ—Ä—Ç–Ω—ã–µ –≥—Ä—É–ø–ø—ã ‚Äî —Ç–æ—á–Ω–æ–µ —á–∏—Å–ª–æ –ø–æ —Å–º–µ–Ω–∞–º —Ä–∞–∑–Ω–æ–µ. –ú–µ—Å—Ç–∞ –æ–≥—Ä–∞–Ω–∏—á–µ–Ω—ã, –ø–æ—ç—Ç–æ–º—É –ª—É—á—à–µ –±—Ä–æ–Ω–∏—Ä–æ–≤–∞—Ç—å –∑–∞—Ä–∞–Ω–µ–µ. –ù–∞–ø–∏—à–∏ ¬´–•–æ—á—É –∑–∞–±—Ä–æ–Ω–∏—Ä–æ–≤–∞—Ç—å¬ª, –µ—Å–ª–∏ –≥–æ—Ç–æ–≤! üèï	2025-01-01T12:00:00.000Z
